epoch, time     , train/box_loss, train/cls_loss, train/dfl_loss, metrics/precision(B), metrics/recall(B), metrics/mAP50(B), metrics/mAP50-95(B), val/box_loss, val/cls_loss, val/dfl_loss, lr/pg0     , lr/pg1     , lr/pg2
    1,   929.781,        2.83301,        2.88823,        2.22125,              0.1626 ,           0.10587,          0.0674 ,             0.01999,      2.88208,      2.71914,      2.10454, 0.000656566, 0.000656566, 0.000656566
    2,  1707.28 ,        2.72883,        2.63457,        2.09372,              0.05909,           0.17175,          0.03007,             0.00919,      2.75457,      4.92277,      2.34441, 0.00129703 , 0.00129703 , 0.00129703
    3,  2359.21 ,        2.71685,        2.61457,        2.08984,              0.11791,           0.1374 ,          0.05805,             0.01639,      2.71464,      2.95538,      2.18291, 0.0019111  , 0.0019111  , 0.0019111
    4,  3157.42 ,        2.69562,        2.62007,        2.06603,              0.11402,           0.09075,          0.04186,             0.01308,      2.85104,      3.17401,      2.28663, 0.0018812  , 0.0018812  , 0.0018812
    5,  3753.36 ,        2.66586,        2.60724,        2.05314,              0.1165 ,           0.12125,          0.04735,             0.01374,      2.6792 ,      2.95618,      2.22116, 0.0018416  , 0.0018416  , 0.0018416
    6,  4210.49 ,        2.67071,        2.60146,        2.07602,              0.1288 ,           0.14868,          0.06203,             0.02037,      2.66715,      2.87124,      2.1433 , 0.001802   , 0.001802   , 0.001802
    7,  4664.09 ,        2.66005,        2.58991,        2.03365,              0.14963,           0.12843,          0.0658 ,             0.01976,      2.70344,      2.71805,      2.14181, 0.0017624  , 0.0017624  , 0.0017624
    8,  5122.96 ,        2.62296,        2.56475,        2.03444,              0.17709,           0.11689,          0.07895,             0.02387,      2.59794,      2.70647,      2.17023, 0.0017228  , 0.0017228  , 0.0017228
    9,  5571.15 ,        2.60949,        2.54579,        2.01406,              0.16723,           0.11819,          0.06951,             0.02028,      2.64503,      2.71645,      2.16858, 0.0016832  , 0.0016832  , 0.0016832
   10,  6018.65 ,        2.62766,        2.52693,        2.00384,              0.13169,           0.10715,          0.04945,             0.01515,      2.63283,      2.81737,      2.13203, 0.0016436  , 0.0016436  , 0.0016436
   11,  6467.99 ,        2.59036,        2.53243,        1.99438,              0.14696,           0.10972,          0.06191,             0.02013,      2.59556,      2.67358,      2.11306, 0.001604   , 0.001604   , 0.001604
   12,  6907.43 ,        2.57562,        2.52808,        2.0068 ,              0.18059,           0.09706,          0.06578,             0.02006,      2.68097,      2.70918,      2.3616 , 0.0015644  , 0.0015644  , 0.0015644
   13,  7516.28 ,        2.59935,        2.49943,        2.00129,              0.17433,           0.14022,          0.08258,             0.02473,      2.58404,      2.67491,      2.20401, 0.0015248  , 0.0015248  , 0.0015248
   14,  8081.49 ,        2.57773,        2.49096,        1.99333,              0.14739,           0.12663,          0.06319,             0.01986,      2.58988,      2.7099 ,      2.07273, 0.0014852  , 0.0014852  , 0.0014852
   15,  8643.73 ,        2.55304,        2.52423,        1.98992,              0.18794,           0.11638,          0.07613,             0.02496,      2.57996,      2.67216,      2.16767, 0.0014456  , 0.0014456  , 0.0014456
   16,  9167.33 ,        2.56331,        2.50164,        1.99226,              0.20567,           0.11766,          0.0871 ,             0.02746,      2.53287,      2.64475,      2.0977 , 0.001406   , 0.001406   , 0.001406
   17,  9609.39 ,        2.54163,        2.49502,        1.97119,              0.19699,           0.12715,          0.0864 ,             0.0263 ,      2.56985,      2.63413,      2.16112, 0.0013664  , 0.0013664  , 0.0013664
   18, 10063.2  ,        2.53987,        2.47355,        1.98534,              0.16615,           0.1392 ,          0.07535,             0.02435,      2.56522,      2.65484,      2.05791, 0.0013268  , 0.0013268  , 0.0013268
   19, 10525.8  ,        2.54667,        2.48369,        1.98755,              0.21015,           0.12997,          0.08901,             0.02696,      2.55735,      2.64756,      2.10987, 0.0012872  , 0.0012872  , 0.0012872
   20, 11147.4  ,        2.5111 ,        2.46987,        1.9656 ,              0.21267,           0.13894,          0.09616,             0.02968,      2.53959,      2.60841,      2.08057, 0.0012476  , 0.0012476  , 0.0012476
   21, 11743    ,        2.52494,        2.48556,        1.96618,              0.20952,           0.12484,          0.08728,             0.02752,      2.52876,      2.62861,      2.09323, 0.001208   , 0.001208   , 0.001208
   22, 12351.5  ,        2.50001,        2.46301,        1.96467,              0.17864,           0.14586,          0.0839 ,             0.02575,      2.56107,      2.63085,      2.10483, 0.0011684  , 0.0011684  , 0.0011684
   23, 12986    ,        2.50519,        2.45541,        1.94288,              0.21901,           0.15161,          0.1017 ,             0.0323 ,      2.51987,      2.62701,      2.11489, 0.0011288  , 0.0011288  , 0.0011288
   24, 13651.2  ,        2.51336,        2.45811,        1.95858,              0.21694,           0.14304,          0.09837,             0.03178,      2.51668,      2.59428,      2.07817, 0.0010892  , 0.0010892  , 0.0010892
   25, 14297.8  ,        2.50792,        2.45784,        1.96007,              0.21037,           0.13612,          0.09535,             0.03045,      2.52593,      2.61805,      2.09239, 0.0010496  , 0.0010496  , 0.0010496
   26, 14862.9  ,        2.4762 ,        2.43095,        1.94812,              0.2141 ,           0.14304,          0.09398,             0.03034,      2.51998,      2.60791,      2.10459, 0.00101    , 0.00101    , 0.00101
   27, 15422.1  ,        2.50411,        2.43406,        1.96176,              0.21293,           0.12792,          0.09116,             0.02952,      2.55204,      2.61708,      2.09012, 0.0009704  , 0.0009704  , 0.0009704
   28, 15984.2  ,        2.46357,        2.41921,        1.92649,              0.19653,           0.1474 ,          0.09406,             0.0303 ,      2.52213,      2.62554,      2.13268, 0.0009308  , 0.0009308  , 0.0009308
   29, 16563.7  ,        2.46409,        2.44402,        1.94743,              0.22373,           0.15329,          0.1031 ,             0.0323 ,      2.50904,      2.5875 ,      2.10285, 0.0008912  , 0.0008912  , 0.0008912
   30, 17154.8  ,        2.47222,        2.41185,        1.93641,              0.21865,           0.13074,          0.09189,             0.02978,      2.50724,      2.65191,      2.14031, 0.0008516  , 0.0008516  , 0.0008516
   31, 17752.9  ,        2.46078,        2.42661,        1.95472,              0.18888,           0.13612,          0.08884,             0.02906,      2.502  ,      2.60842,      2.12275, 0.000812   , 0.000812   , 0.000812
   32, 18337    ,        2.46135,        2.39759,        1.94375,              0.23386,           0.14304,          0.10099,             0.03111,      2.5211 ,      2.60894,      2.08309, 0.0007724  , 0.0007724  , 0.0007724
   33, 18919.3  ,        2.45692,        2.40289,        1.93221,              0.18109,           0.13202,          0.08193,             0.02866,      2.49829,      2.65115,      2.13324, 0.0007328  , 0.0007328  , 0.0007328
   34, 19490    ,        2.42944,        2.38425,        1.93676,              0.21215,           0.13945,          0.09438,             0.03119,      2.5061 ,      2.59544,      2.12275, 0.0006932  , 0.0006932  , 0.0006932
   35, 20110.9  ,        2.42419,        2.3876 ,        1.91871,              0.20941,           0.14894,          0.10277,             0.03319,      2.50405,      2.6074 ,      2.1209 , 0.0006536  , 0.0006536  , 0.0006536
   36, 20720.6  ,        2.44948,        2.3573 ,        1.90576,              0.21526,           0.14996,          0.10107,             0.0334 ,      2.49424,      2.5886 ,      2.09306, 0.000614   , 0.000614   , 0.000614
   37, 21345.9  ,        2.45504,        2.35863,        1.91061,              0.206  ,           0.13967,          0.09259,             0.03098,      2.50193,      2.60667,      2.12556, 0.0005744  , 0.0005744  , 0.0005744
   38, 22318.2  ,        2.4479 ,        2.34234,        1.90856,              0.22552,           0.15099,          0.10352,             0.03183,      2.49824,      2.58893,      2.07958, 0.0005348  , 0.0005348  , 0.0005348
   39, 22802.2  ,        2.39509,        2.36869,        1.91675,              0.2176 ,           0.13227,          0.09761,             0.03215,      2.49827,      2.6056 ,      2.11506, 0.0004952  , 0.0004952  , 0.0004952
   40, 23316.9  ,        2.39576,        2.33189,        1.89409,              0.22016,           0.15124,          0.10094,             0.03302,      2.50226,      2.60776,      2.08461, 0.0004556  , 0.0004556  , 0.0004556
   41, 23905.1  ,        2.44146,        2.51808,        1.97789,              0.25132,           0.12279,          0.09636,             0.03103,      2.51055,      2.64277,      2.05818, 0.000416   , 0.000416   , 0.000416
   42, 24519.7  ,        2.43081,        2.47904,        2.00045,              0.22605,           0.1333 ,          0.09471,             0.03105,      2.49047,      2.6219 ,      2.10695, 0.0003764  , 0.0003764  , 0.0003764
   43, 25110.6  ,        2.40496,        2.42897,        1.99537,              0.22358,           0.15637,          0.10423,             0.03363,      2.48824,      2.62556,      2.12124, 0.0003368  , 0.0003368  , 0.0003368
   44, 25613.7  ,        2.39599,        2.4312 ,        1.9865 ,              0.2217 ,           0.14278,          0.09638,             0.03101,      2.47883,      2.6224 ,      2.09275, 0.0002972  , 0.0002972  , 0.0002972
   45, 26112.4  ,        2.38012,        2.42299,        1.99196,              0.22743,           0.15278,          0.10261,             0.03283,      2.47836,      2.60793,      2.09095, 0.0002576  , 0.0002576  , 0.0002576
   46, 26668.8  ,        2.36967,        2.40264,        1.97411,              0.22794,           0.14894,          0.10192,             0.03287,      2.48684,      2.61925,      2.10482, 0.000218   , 0.000218   , 0.000218
   47, 27215.7  ,        2.36787,        2.38992,        1.98574,              0.23609,           0.14663,          0.09815,             0.03185,      2.4948 ,      2.64035,      2.11444, 0.0001784  , 0.0001784  , 0.0001784
   48, 27720.3  ,        2.36162,        2.39988,        1.99294,              0.21464,           0.1515 ,          0.09881,             0.03195,      2.49773,      2.64642,      2.11082, 0.0001388  , 0.0001388  , 0.0001388
   49, 28193.4  ,        2.35344,        2.38876,        1.98701,              0.22667,           0.14696,          0.09899,             0.03173,      2.50206,      2.63508,      2.1276 , 9.92e-05   , 9.92e-05   , 9.92e-05
   50, 28663.8  ,        2.34877,        2.37357,        1.96324,              0.22669,           0.14637,          0.09701,             0.03137,      2.50767,      2.64294,      2.12357, 5.96e-05   , 5.96e-05   , 5.96e-05
